Country,Amount,Boxes Shipped,Date,Product,Sales Person,Shipment Count
UK,5320,180,1/4/2022,Mint Chip Choco,Jehu Rudeforth,1
India,7896,94,8/1/2022,85% Dark Bars,Van Tuxwell,1
India,4501,91,7/7/2022,Peanut Butter Cubes,Gigi Bohling,1
Australia,12726,342,4/27/2022,Peanut Butter Cubes,Jan Morforth,1
UK,13685,184,2/24/2022,Peanut Butter Cubes,Jehu Rudeforth,1
India,5376,38,6/6/2022,Smooth Sliky Salty,Van Tuxwell,1
UK,13685,176,1/25/2022,99% Dark & Pure,Oby Sorrel,1
Australia,3080,73,3/24/2022,After Nines,Gunar Cockshoot,1
New Zealand,3990,59,4/20/2022,50% Dark Bites,Jehu Rudeforth,1
Australia,2835,102,7/4/2022,99% Dark & Pure,Brien Boise,1
UK,4704,62,1/13/2022,Smooth Sliky Salty,Rafaelita Blaksland,1
USA,3703,11,3/10/2022,Orange Choco,Barr Faughny,1
Canada,1442,286,1/13/2022,Eclairs,Mallorie Waber,1
New Zealand,168,156,7/28/2022,Drinking Coco,Karlen McCaffrey,1
New Zealand,8379,173,8/3/2022,Peanut Butter Cubes,Marney O'Breen,1
Australia,6790,356,1/26/2022,Organic Choco Syrup,Beverie Moffet,1
Canada,4067,42,2/14/2022,Organic Choco Syrup,Van Tuxwell,1
USA,3017,140,4/5/2022,Smooth Sliky Salty,Roddy Speechley,1
Canada,8799,250,2/16/2022,Milk Bars,Beverie Moffet,1
UK,1085,172,6/8/2022,85% Dark Bars,Curtice Advani,1
Australia,6888,88,6/27/2022,Eclairs,Brien Boise,1
USA,1267,157,2/17/2022,Spicy Special Slims,Gunar Cockshoot,1
USA,4753,163,5/30/2022,After Nines,Marney O'Breen,1
UK,3003,113,3/14/2022,Drinking Coco,Husein Augar,1
Australia,7672,115,2/28/2022,Eclairs,Kaine Padly,1
India,168,321,1/26/2022,Fruit & Nut Bars,Karlen McCaffrey,1
Canada,1652,186,2/9/2022,Spicy Special Slims,Roddy Speechley,1
USA,4025,112,7/7/2022,Eclairs,Husein Augar,1
New Zealand,9492,151,7/5/2022,White Choc,Dennison Crosswaite,1
New Zealand,5061,301,6/15/2022,Manuka Honey Choco,Dennison Crosswaite,1
New Zealand,1722,121,5/24/2022,85% Dark Bars,Van Tuxwell,1
UK,12446,150,6/29/2022,99% Dark & Pure,Rafaelita Blaksland,1
Australia,4284,94,5/11/2022,Manuka Honey Choco,Wilone O'Kielt,1
UK,6839,133,6/30/2022,Almond Choco,Karlen McCaffrey,1
Canada,2163,70,5/11/2022,After Nines,Andria Kimpton,1
USA,9583,315,7/22/2022,Manuka Honey Choco,Roddy Speechley,1
UK,2653,314,8/24/2022,50% Dark Bites,Andria Kimpton,1
New Zealand,147,72,7/7/2022,After Nines,Kelci Walkden,1
Australia,3654,14,5/19/2022,85% Dark Bars,Camilla Castle,1
India,2443,581,7/4/2022,Manuka Honey Choco,Karlen McCaffrey,1
USA,938,16,6/2/2022,After Nines,Kelci Walkden,1
USA,14749,354,4/15/2022,Raspberry Choco,Karlen McCaffrey,1
Canada,4781,241,7/11/2022,Choco Coated Almonds,Mallorie Waber,1
India,6307,142,2/23/2022,Spicy Special Slims,Andria Kimpton,1
Canada,7602,102,8/22/2022,Almond Choco,Madelene Upcott,1
USA,6790,188,2/16/2022,Peanut Butter Cubes,Kaine Padly,1
USA,9737,160,1/13/2022,50% Dark Bites,Van Tuxwell,1
Australia,6979,18,2/14/2022,Milk Bars,Curtice Advani,1
India,4382,303,6/10/2022,Eclairs,Roddy Speechley,1
India,5243,176,7/7/2022,Fruit & Nut Bars,Curtice Advani,1
Canada,4865,70,3/24/2022,Almond Choco,Curtice Advani,1
Australia,8575,23,6/6/2022,Fruit & Nut Bars,Brien Boise,1
Australia,91,135,7/19/2022,Drinking Coco,Dotty Strutley,1
USA,14798,83,4/19/2022,Raspberry Choco,Beverie Moffet,1
India,2205,179,7/19/2022,85% Dark Bars,Marney O'Breen,1
Canada,441,24,7/15/2022,Drinking Coco,Jehu Rudeforth,1
New Zealand,3556,18,2/14/2022,Spicy Special Slims,Ches Bonnell,1
Canada,16793,416,5/18/2022,99% Dark & Pure,Brien Boise,1
Australia,15421,55,6/30/2022,Fruit & Nut Bars,Barr Faughny,1
Australia,4438,227,6/2/2022,50% Dark Bites,Andria Kimpton,1
Australia,1603,48,6/28/2022,Drinking Coco,Andria Kimpton,1
Australia,273,174,5/16/2022,Organic Choco Syrup,Marney O'Breen,1
Canada,3073,302,5/26/2022,Baker's Choco Chips,Kelci Walkden,1
India,6090,149,7/6/2022,Almond Choco,Karlen McCaffrey,1
India,10255,11,5/27/2022,99% Dark & Pure,Oby Sorrel,1
Australia,2030,11,4/14/2022,Caramel Stuffed Bars,Wilone O'Kielt,1
Australia,19453,14,8/10/2022,Organic Choco Syrup,Van Tuxwell,1
India,9275,411,7/4/2022,50% Dark Bites,Camilla Castle,1
India,6181,56,7/8/2022,Organic Choco Syrup,Oby Sorrel,1
USA,9037,102,7/22/2022,Peanut Butter Cubes,Jan Morforth,1
USA,12313,103,3/2/2022,Choco Coated Almonds,Gigi Bohling,1
UK,5642,9,1/10/2022,Almond Choco,Gigi Bohling,1
New Zealand,2800,241,3/11/2022,White Choc,Jehu Rudeforth,1
New Zealand,959,265,6/20/2022,Peanut Butter Cubes,Andria Kimpton,1
UK,2002,214,8/26/2022,Organic Choco Syrup,Van Tuxwell,1
Canada,609,32,7/13/2022,Milk Bars,Roddy Speechley,1
USA,1274,244,2/11/2022,Spicy Special Slims,Camilla Castle,1
USA,7595,181,1/27/2022,Orange Choco,Marney O'Breen,1
UK,4725,137,1/31/2022,99% Dark & Pure,Van Tuxwell,1
USA,9681,24,8/18/2022,White Choc,Camilla Castle,1
USA,14504,21,6/30/2022,Raspberry Choco,Andria Kimpton,1
Australia,280,311,8/23/2022,Fruit & Nut Bars,Dotty Strutley,1
New Zealand,63,181,8/1/2022,Mint Chip Choco,Brien Boise,1
New Zealand,8001,10,5/25/2022,After Nines,Roddy Speechley,1
Canada,4032,82,1/10/2022,Organic Choco Syrup,Roddy Speechley,1
Australia,5859,108,2/7/2022,70% Dark Bites,Dennison Crosswaite,1
USA,11095,401,5/12/2022,Orange Choco,Karlen McCaffrey,1
Australia,7182,408,3/7/2022,Spicy Special Slims,Madelene Upcott,1
Australia,6881,420,4/5/2022,85% Dark Bars,Dennison Crosswaite,1
Canada,7154,348,1/3/2022,Caramel Stuffed Bars,Andria Kimpton,1
UK,6188,270,3/24/2022,Eclairs,Dennison Crosswaite,1
India,4221,9,7/7/2022,Raspberry Choco,Madelene Upcott,1
USA,630,264,7/26/2022,After Nines,Van Tuxwell,1
Australia,1743,111,7/7/2022,Organic Choco Syrup,Wilone O'Kielt,1
Canada,2919,65,7/15/2022,50% Dark Bites,Karlen McCaffrey,1
New Zealand,49,97,4/1/2022,Orange Choco,Roddy Speechley,1
Australia,1827,6,6/20/2022,Eclairs,Beverie Moffet,1
UK,13006,482,6/29/2022,Fruit & Nut Bars,Kelci Walkden,1
USA,1064,106,6/15/2022,50% Dark Bites,Marney O'Breen,1
USA,11571,180,4/8/2022,After Nines,Husein Augar,1
Australia,5740,31,3/14/2022,Raspberry Choco,Dennison Crosswaite,1
USA,1456,359,7/15/2022,Fruit & Nut Bars,Andria Kimpton,1
India,5334,80,4/19/2022,Eclairs,Kelci Walkden,1
USA,4151,296,3/28/2022,99% Dark & Pure,Marney O'Breen,1
Canada,8106,101,3/4/2022,Spicy Special Slims,Brien Boise,1
New Zealand,126,40,8/2/2022,70% Dark Bites,Karlen McCaffrey,1
UK,4697,42,8/25/2022,Spicy Special Slims,Husein Augar,1
USA,7798,167,2/25/2022,Almond Choco,Marney O'Breen,1
India,9408,138,6/7/2022,Orange Choco,Kelci Walkden,1
India,1939,520,4/12/2022,Spicy Special Slims,Jan Morforth,1
India,10906,94,7/6/2022,Spicy Special Slims,Ches Bonnell,1
UK,5929,175,1/19/2022,Smooth Sliky Salty,Kelci Walkden,1
Australia,5579,92,1/5/2022,Fruit & Nut Bars,Madelene Upcott,1
Canada,10927,141,1/24/2022,70% Dark Bites,Madelene Upcott,1
Australia,623,283,4/6/2022,Drinking Coco,Wilone O'Kielt,1
Australia,6013,21,6/15/2022,Fruit & Nut Bars,Gunar Cockshoot,1
Canada,1505,47,1/28/2022,Baker's Choco Chips,Gigi Bohling,1
India,476,125,3/16/2022,Caramel Stuffed Bars,Kelci Walkden,1
Australia,11550,396,2/21/2022,Drinking Coco,Rafaelita Blaksland,1
USA,17318,87,2/16/2022,Manuka Honey Choco,Kelci Walkden,1
Canada,1848,27,1/13/2022,Spicy Special Slims,Jehu Rudeforth,1
Australia,7273,547,3/23/2022,Eclairs,Kelci Walkden,1
Canada,854,118,6/16/2022,Spicy Special Slims,Curtice Advani,1
India,6832,46,4/14/2022,Raspberry Choco,Oby Sorrel,1
UK,4606,57,1/25/2022,Eclairs,Kelci Walkden,1
India,4466,22,3/11/2022,Almond Choco,Jan Morforth,1
UK,16114,96,7/28/2022,Almond Choco,Dotty Strutley,1
New Zealand,1561,44,3/9/2022,After Nines,Marney O'Breen,1
Australia,8897,188,6/28/2022,Orange Choco,Husein Augar,1
Australia,2464,387,7/28/2022,Milk Bars,Marney O'Breen,1
Canada,4830,50,8/15/2022,99% Dark & Pure,Kelci Walkden,1
Australia,2765,264,1/12/2022,Manuka Honey Choco,Kaine Padly,1
New Zealand,7126,7,3/24/2022,White Choc,Beverie Moffet,1
UK,4263,90,7/25/2022,Milk Bars,Van Tuxwell,1
Canada,3605,403,8/1/2022,99% Dark & Pure,Oby Sorrel,1
India,19929,174,5/16/2022,Organic Choco Syrup,Van Tuxwell,1
India,5103,140,8/10/2022,Smooth Sliky Salty,Roddy Speechley,1
India,2541,27,1/5/2022,Eclairs,Jan Morforth,1
UK,5663,110,7/11/2022,Smooth Sliky Salty,Ches Bonnell,1
USA,392,30,4/25/2022,After Nines,Wilone O'Kielt,1
New Zealand,10976,121,4/4/2022,Fruit & Nut Bars,Gigi Bohling,1
USA,9282,101,4/12/2022,Raspberry Choco,Barr Faughny,1
New Zealand,1827,117,8/2/2022,85% Dark Bars,Wilone O'Kielt,1
New Zealand,8267,272,6/28/2022,Manuka Honey Choco,Gigi Bohling,1
Australia,4116,128,7/5/2022,Eclairs,Ches Bonnell,1
New Zealand,2093,45,6/7/2022,Choco Coated Almonds,Rafaelita Blaksland,1
New Zealand,1015,27,1/18/2022,Smooth Sliky Salty,Brien Boise,1
Australia,12516,212,1/4/2022,Baker's Choco Chips,Brien Boise,1
Australia,2758,18,1/31/2022,99% Dark & Pure,Dennison Crosswaite,1
India,3297,149,3/14/2022,Almond Choco,Kelci Walkden,1
Australia,6048,477,4/29/2022,70% Dark Bites,Camilla Castle,1
India,10101,108,2/7/2022,Smooth Sliky Salty,Oby Sorrel,1
UK,2282,178,3/31/2022,Organic Choco Syrup,Kaine Padly,1
India,4361,81,3/16/2022,Caramel Stuffed Bars,Marney O'Breen,1
UK,7798,196,1/25/2022,Eclairs,Karlen McCaffrey,1
India,3052,447,6/20/2022,Baker's Choco Chips,Van Tuxwell,1
UK,8029,175,3/29/2022,After Nines,Gigi Bohling,1
Australia,854,136,7/12/2022,Orange Choco,Curtice Advani,1
Canada,5460,138,7/11/2022,Smooth Sliky Salty,Jehu Rudeforth,1
Canada,3017,184,1/19/2022,Smooth Sliky Salty,Karlen McCaffrey,1
USA,8911,82,4/5/2022,85% Dark Bars,Andria Kimpton,1
Canada,7203,12,2/21/2022,Milk Bars,Jehu Rudeforth,1
New Zealand,13083,14,5/20/2022,Caramel Stuffed Bars,Rafaelita Blaksland,1
Australia,2779,104,7/29/2022,Milk Bars,Mallorie Waber,1
USA,9058,46,1/28/2022,Fruit & Nut Bars,Barr Faughny,1
UK,3549,112,7/19/2022,Caramel Stuffed Bars,Marney O'Breen,1
New Zealand,9436,11,4/13/2022,Manuka Honey Choco,Mallorie Waber,1
India,10283,21,2/11/2022,Peanut Butter Cubes,Roddy Speechley,1
New Zealand,5446,116,3/2/2022,Milk Bars,Roddy Speechley,1
Australia,1043,202,3/2/2022,White Choc,Ches Bonnell,1
USA,12586,6,7/28/2022,99% Dark & Pure,Van Tuxwell,1
India,1687,520,1/7/2022,After Nines,Kelci Walkden,1
UK,5299,167,4/12/2022,White Choc,Brien Boise,1
Canada,3213,72,6/27/2022,Almond Choco,Van Tuxwell,1
Australia,5194,418,1/14/2022,50% Dark Bites,Jehu Rudeforth,1
UK,4753,389,2/7/2022,Baker's Choco Chips,Karlen McCaffrey,1
Australia,13706,26,3/23/2022,Orange Choco,Jehu Rudeforth,1
India,6489,146,1/10/2022,Peanut Butter Cubes,Marney O'Breen,1
UK,9324,41,3/17/2022,Choco Coated Almonds,Oby Sorrel,1
USA,10829,54,1/21/2022,Spicy Special Slims,Gigi Bohling,1
Australia,8113,370,7/4/2022,White Choc,Barr Faughny,1
Canada,3269,176,7/4/2022,Peanut Butter Cubes,Kaine Padly,1
USA,273,210,8/10/2022,Manuka Honey Choco,Dotty Strutley,1
Australia,7287,12,4/1/2022,50% Dark Bites,Dennison Crosswaite,1
India,2583,159,2/22/2022,Raspberry Choco,Gigi Bohling,1
UK,9982,187,1/3/2022,White Choc,Camilla Castle,1
India,4795,233,5/31/2022,Drinking Coco,Karlen McCaffrey,1
UK,9310,282,1/3/2022,99% Dark & Pure,Dotty Strutley,1
New Zealand,497,475,1/27/2022,Caramel Stuffed Bars,Husein Augar,1
UK,581,65,1/28/2022,50% Dark Bites,Barr Faughny,1
Australia,3472,311,6/28/2022,Organic Choco Syrup,Curtice Advani,1
UK,4333,43,3/2/2022,Choco Coated Almonds,Husein Augar,1
Australia,3325,26,5/27/2022,After Nines,Wilone O'Kielt,1
USA,11718,84,6/30/2022,Almond Choco,Dennison Crosswaite,1
Canada,2100,78,6/7/2022,Peanut Butter Cubes,Barr Faughny,1
USA,4018,100,5/12/2022,70% Dark Bites,Kaine Padly,1
New Zealand,6468,66,7/29/2022,Raspberry Choco,Barr Faughny,1
UK,7238,265,8/3/2022,White Choc,Dennison Crosswaite,1
India,6454,141,8/18/2022,Baker's Choco Chips,Barr Faughny,1
New Zealand,3115,42,6/14/2022,Smooth Sliky Salty,Van Tuxwell,1
UK,6475,76,6/30/2022,White Choc,Beverie Moffet,1
New Zealand,1162,190,6/13/2022,Mint Chip Choco,Camilla Castle,1
UK,14238,54,4/27/2022,Orange Choco,Ches Bonnell,1
Australia,3472,32,7/27/2022,White Choc,Jan Morforth,1
Canada,1428,424,4/20/2022,85% Dark Bars,Mallorie Waber,1
India,8064,134,1/4/2022,Spicy Special Slims,Rafaelita Blaksland,1
Australia,9660,92,2/21/2022,Mint Chip Choco,Ches Bonnell,1
Australia,7357,48,1/5/2022,White Choc,Karlen McCaffrey,1
India,6055,46,7/15/2022,Drinking Coco,Beverie Moffet,1
Australia,5124,62,5/25/2022,Choco Coated Almonds,Brien Boise,1
Canada,3479,358,4/20/2022,Eclairs,Karlen McCaffrey,1
USA,784,249,6/2/2022,99% Dark & Pure,Gigi Bohling,1
UK,18991,88,5/13/2022,Smooth Sliky Salty,Marney O'Breen,1
New Zealand,1372,144,8/3/2022,Baker's Choco Chips,Beverie Moffet,1
Australia,735,390,5/25/2022,Milk Bars,Beverie Moffet,1
UK,6538,79,3/16/2022,Raspberry Choco,Van Tuxwell,1
Australia,3199,122,7/4/2022,Orange Choco,Jan Morforth,1
India,3472,135,7/5/2022,50% Dark Bites,Jehu Rudeforth,1
USA,4571,430,3/15/2022,After Nines,Madelene Upcott,1
UK,5481,69,8/22/2022,Raspberry Choco,Barr Faughny,1
Australia,3136,125,1/12/2022,70% Dark Bites,Ches Bonnell,1
UK,252,154,6/10/2022,Baker's Choco Chips,Marney O'Breen,1
Australia,5460,286,3/25/2022,Peanut Butter Cubes,Kaine Padly,1
India,3395,99,7/27/2022,Almond Choco,Rafaelita Blaksland,1
UK,14938,433,4/15/2022,Caramel Stuffed Bars,Husein Augar,1
India,4053,19,6/27/2022,Orange Choco,Roddy Speechley,1
UK,5565,258,4/14/2022,70% Dark Bites,Jehu Rudeforth,1
Australia,7161,92,3/15/2022,Manuka Honey Choco,Husein Augar,1
USA,8883,200,3/18/2022,Eclairs,Madelene Upcott,1
India,1351,61,4/29/2022,Eclairs,Brien Boise,1
New Zealand,3171,246,2/25/2022,White Choc,Mallorie Waber,1
USA,854,56,3/2/2022,Milk Bars,Husein Augar,1
Australia,7910,87,6/20/2022,Milk Bars,Van Tuxwell,1
Canada,9275,173,7/15/2022,White Choc,Beverie Moffet,1
Australia,3108,252,5/12/2022,50% Dark Bites,Dotty Strutley,1
New Zealand,5075,256,7/1/2022,Organic Choco Syrup,Mallorie Waber,1
USA,378,54,8/8/2022,85% Dark Bars,Husein Augar,1
Australia,7350,6,7/25/2022,50% Dark Bites,Madelene Upcott,1
UK,3388,55,5/18/2022,Drinking Coco,Wilone O'Kielt,1
India,11837,277,7/15/2022,Peanut Butter Cubes,Camilla Castle,1
India,2282,44,7/5/2022,70% Dark Bites,Curtice Advani,1
USA,5425,96,7/4/2022,Manuka Honey Choco,Mallorie Waber,1
UK,1267,216,6/20/2022,70% Dark Bites,Dotty Strutley,1
Australia,3752,424,1/25/2022,Almond Choco,Gunar Cockshoot,1
New Zealand,7728,37,7/1/2022,Spicy Special Slims,Kaine Padly,1
USA,2296,59,4/13/2022,50% Dark Bites,Gigi Bohling,1
UK,4403,76,5/4/2022,Smooth Sliky Salty,Beverie Moffet,1
Australia,3192,109,8/4/2022,Baker's Choco Chips,Beverie Moffet,1
India,448,146,6/1/2022,70% Dark Bites,Beverie Moffet,1
UK,4270,185,4/22/2022,Choco Coated Almonds,Jehu Rudeforth,1
USA,70,27,8/3/2022,50% Dark Bites,Kaine Padly,1
USA,1743,69,6/10/2022,Orange Choco,Ches Bonnell,1
UK,6762,46,6/27/2022,Manuka Honey Choco,Gunar Cockshoot,1
Australia,3745,170,1/3/2022,Smooth Sliky Salty,Marney O'Breen,1
India,2639,179,7/11/2022,After Nines,Marney O'Breen,1
New Zealand,4389,126,8/17/2022,Milk Bars,Ches Bonnell,1
USA,2604,65,1/18/2022,Fruit & Nut Bars,Rafaelita Blaksland,1
India,16569,99,3/8/2022,Organic Choco Syrup,Ches Bonnell,1
Australia,14658,275,3/7/2022,Orange Choco,Mallorie Waber,1
India,6454,157,5/9/2022,70% Dark Bites,Husein Augar,1
New Zealand,2100,157,5/23/2022,85% Dark Bars,Barr Faughny,1
UK,161,145,4/15/2022,Caramel Stuffed Bars,Madelene Upcott,1
Australia,2807,139,7/27/2022,Drinking Coco,Gigi Bohling,1
Canada,2639,406,8/22/2022,Choco Coated Almonds,Marney O'Breen,1
USA,4571,122,5/11/2022,70% Dark Bites,Ches Bonnell,1
India,4781,38,1/26/2022,Organic Choco Syrup,Madelene Upcott,1
USA,13034,117,4/14/2022,50% Dark Bites,Barr Faughny,1
New Zealand,6454,417,4/5/2022,Mint Chip Choco,Dennison Crosswaite,1
New Zealand,8484,57,6/14/2022,Smooth Sliky Salty,Marney O'Breen,1
Canada,4781,125,4/13/2022,Almond Choco,Brien Boise,1
Australia,2240,166,6/27/2022,White Choc,Beverie Moffet,1
Australia,6979,3,1/26/2022,Eclairs,Dotty Strutley,1
UK,1652,72,7/5/2022,White Choc,Barr Faughny,1
Canada,13447,95,1/11/2022,Baker's Choco Chips,Beverie Moffet,1
USA,9422,22,3/7/2022,White Choc,Kelci Walkden,1
Canada,8687,100,3/4/2022,50% Dark Bites,Kaine Padly,1
Canada,2415,312,7/15/2022,Organic Choco Syrup,Karlen McCaffrey,1
UK,6272,86,5/11/2022,Peanut Butter Cubes,Kaine Padly,1
USA,4389,7,1/27/2022,Milk Bars,Karlen McCaffrey,1
India,3122,149,6/27/2022,Orange Choco,Karlen McCaffrey,1
India,8043,18,8/3/2022,Smooth Sliky Salty,Ches Bonnell,1
New Zealand,11662,242,8/19/2022,Mint Chip Choco,Wilone O'Kielt,1
Australia,392,102,6/15/2022,Fruit & Nut Bars,Wilone O'Kielt,1
UK,8925,158,2/7/2022,Peanut Butter Cubes,Dennison Crosswaite,1
Australia,7294,128,7/8/2022,Almond Choco,Karlen McCaffrey,1
India,1526,96,4/21/2022,Milk Bars,Dennison Crosswaite,1
UK,2688,209,4/8/2022,Mint Chip Choco,Ches Bonnell,1
Australia,14889,52,8/19/2022,50% Dark Bites,Husein Augar,1
India,2912,55,5/4/2022,Fruit & Nut Bars,Jan Morforth,1
USA,2632,108,5/11/2022,85% Dark Bars,Mallorie Waber,1
USA,6328,51,3/22/2022,Eclairs,Mallorie Waber,1
Canada,2527,216,8/10/2022,Spicy Special Slims,Dennison Crosswaite,1
USA,1414,318,5/4/2022,Fruit & Nut Bars,Dennison Crosswaite,1
USA,7714,238,8/18/2022,99% Dark & Pure,Kelci Walkden,1
Canada,4347,238,8/3/2022,Raspberry Choco,Dotty Strutley,1
New Zealand,7490,315,1/14/2022,Milk Bars,Marney O'Breen,1
Australia,2058,72,4/8/2022,Choco Coated Almonds,Madelene Upcott,1
UK,3640,3,8/1/2022,Orange Choco,Kelci Walkden,1
Canada,455,45,3/15/2022,Eclairs,Dennison Crosswaite,1
India,10990,184,7/15/2022,Mint Chip Choco,Karlen McCaffrey,1
New Zealand,5558,127,1/13/2022,Almond Choco,Barr Faughny,1
Australia,2541,53,8/26/2022,85% Dark Bars,Mallorie Waber,1
Canada,1876,172,1/10/2022,Eclairs,Ches Bonnell,1
Australia,5523,87,5/11/2022,White Choc,Gigi Bohling,1
New Zealand,11200,22,8/30/2022,85% Dark Bars,Beverie Moffet,1
USA,5593,122,7/21/2022,Caramel Stuffed Bars,Kaine Padly,1
Australia,7882,125,8/1/2022,Almond Choco,Mallorie Waber,1
Canada,10241,259,2/17/2022,85% Dark Bars,Brien Boise,1
Australia,6832,156,7/27/2022,Drinking Coco,Brien Boise,1
USA,1379,107,2/23/2022,Orange Choco,Dotty Strutley,1
Australia,3010,40,3/22/2022,50% Dark Bites,Rafaelita Blaksland,1
India,6888,311,6/23/2022,99% Dark & Pure,Dennison Crosswaite,1
UK,1540,73,2/1/2022,White Choc,Curtice Advani,1
Australia,6916,288,3/2/2022,After Nines,Kelci Walkden,1
UK,1232,86,4/6/2022,Fruit & Nut Bars,Gigi Bohling,1
Australia,602,72,3/17/2022,Raspberry Choco,Gunar Cockshoot,1
UK,10927,136,6/24/2022,Fruit & Nut Bars,Curtice Advani,1
Canada,10185,303,7/19/2022,50% Dark Bites,Barr Faughny,1
USA,1603,264,7/11/2022,Spicy Special Slims,Curtice Advani,1
India,2170,218,1/13/2022,Almond Choco,Brien Boise,1
New Zealand,8673,60,7/7/2022,Smooth Sliky Salty,Oby Sorrel,1
India,4760,418,5/25/2022,85% Dark Bars,Jan Morforth,1
India,4753,151,4/13/2022,Fruit & Nut Bars,Marney O'Breen,1
New Zealand,3374,202,3/2/2022,50% Dark Bites,Andria Kimpton,1
Canada,2058,126,6/23/2022,Raspberry Choco,Gunar Cockshoot,1
USA,6454,160,7/26/2022,Drinking Coco,Kelci Walkden,1
Canada,420,3,3/22/2022,White Choc,Van Tuxwell,1
USA,2863,58,6/9/2022,Baker's Choco Chips,Rafaelita Blaksland,1
Australia,5936,59,5/17/2022,Caramel Stuffed Bars,Van Tuxwell,1
New Zealand,889,273,3/4/2022,Peanut Butter Cubes,Ches Bonnell,1
Canada,16016,28,7/7/2022,Milk Bars,Kelci Walkden,1
Canada,10479,118,1/13/2022,Choco Coated Almonds,Dennison Crosswaite,1
Australia,2912,75,7/13/2022,Almond Choco,Curtice Advani,1
Australia,1575,329,6/16/2022,85% Dark Bars,Madelene Upcott,1
UK,8197,69,7/18/2022,50% Dark Bites,Gigi Bohling,1
UK,4221,395,5/30/2022,Manuka Honey Choco,Ches Bonnell,1
UK,840,81,6/21/2022,70% Dark Bites,Gigi Bohling,1
Australia,5691,38,6/24/2022,Peanut Butter Cubes,Jehu Rudeforth,1
India,3472,96,1/13/2022,Eclairs,Marney O'Breen,1
Canada,4193,195,4/4/2022,Fruit & Nut Bars,Curtice Advani,1
UK,9016,554,6/8/2022,Smooth Sliky Salty,Kaine Padly,1
Canada,6328,47,8/2/2022,Spicy Special Slims,Karlen McCaffrey,1
USA,9870,152,7/21/2022,Organic Choco Syrup,Kelci Walkden,1
India,161,134,6/20/2022,Spicy Special Slims,Curtice Advani,1
India,2576,112,6/22/2022,After Nines,Roddy Speechley,1
Australia,3178,16,5/2/2022,Caramel Stuffed Bars,Camilla Castle,1
Australia,4676,84,1/7/2022,99% Dark & Pure,Curtice Advani,1
UK,5502,99,2/21/2022,50% Dark Bites,Mallorie Waber,1
Canada,7462,371,3/21/2022,Baker's Choco Chips,Ches Bonnell,1
UK,5803,136,4/4/2022,Drinking Coco,Van Tuxwell,1
Canada,13888,203,3/24/2022,Fruit & Nut Bars,Gunar Cockshoot,1
New Zealand,6867,183,6/28/2022,Spicy Special Slims,Gunar Cockshoot,1
Australia,2317,195,1/14/2022,Drinking Coco,Gunar Cockshoot,1
New Zealand,1218,135,2/7/2022,Fruit & Nut Bars,Karlen McCaffrey,1
New Zealand,4109,197,1/11/2022,Drinking Coco,Dennison Crosswaite,1
India,1953,242,2/25/2022,99% Dark & Pure,Jehu Rudeforth,1
Australia,6790,25,8/1/2022,Mint Chip Choco,Dotty Strutley,1
Australia,6797,252,5/5/2022,Mint Chip Choco,Roddy Speechley,1
New Zealand,9226,415,5/18/2022,Raspberry Choco,Madelene Upcott,1
New Zealand,5733,348,1/4/2022,Choco Coated Almonds,Dotty Strutley,1
New Zealand,4312,211,5/9/2022,50% Dark Bites,Roddy Speechley,1
India,1638,81,5/6/2022,Smooth Sliky Salty,Rafaelita Blaksland,1
UK,10815,145,1/13/2022,White Choc,Husein Augar,1
Australia,4466,74,6/24/2022,Almond Choco,Roddy Speechley,1
USA,987,21,2/14/2022,Caramel Stuffed Bars,Van Tuxwell,1
Australia,4669,101,1/18/2022,99% Dark & Pure,Camilla Castle,1
India,2905,91,5/2/2022,Milk Bars,Kaine Padly,1
Australia,7490,54,5/16/2022,Smooth Sliky Salty,Ches Bonnell,1
USA,6986,368,1/28/2022,Almond Choco,Mallorie Waber,1
Canada,1288,409,6/24/2022,99% Dark & Pure,Kaine Padly,1
UK,2345,104,7/18/2022,After Nines,Oby Sorrel,1
UK,3619,164,4/13/2022,Eclairs,Gunar Cockshoot,1
USA,16982,76,4/15/2022,Caramel Stuffed Bars,Dotty Strutley,1
India,8092,178,1/4/2022,Peanut Butter Cubes,Jan Morforth,1
Australia,6993,31,7/4/2022,Eclairs,Husein Augar,1
USA,2317,352,3/24/2022,Smooth Sliky Salty,Beverie Moffet,1
Australia,637,169,3/17/2022,Manuka Honey Choco,Camilla Castle,1
Australia,6034,223,2/15/2022,Almond Choco,Oby Sorrel,1
USA,980,146,6/29/2022,Orange Choco,Jan Morforth,1
USA,2821,112,5/24/2022,Fruit & Nut Bars,Gigi Bohling,1
UK,3563,284,1/10/2022,Milk Bars,Mallorie Waber,1
USA,2996,139,3/15/2022,Raspberry Choco,Curtice Advani,1
Canada,2436,309,2/8/2022,Milk Bars,Marney O'Breen,1
India,1540,100,2/25/2022,Caramel Stuffed Bars,Brien Boise,1
USA,6916,42,5/3/2022,Eclairs,Gunar Cockshoot,1
USA,5509,24,6/14/2022,Fruit & Nut Bars,Roddy Speechley,1
India,12992,83,8/9/2022,50% Dark Bites,Gunar Cockshoot,1
New Zealand,3724,234,7/11/2022,Manuka Honey Choco,Wilone O'Kielt,1
UK,7133,118,1/14/2022,Manuka Honey Choco,Kaine Padly,1
Canada,8617,46,2/24/2022,Manuka Honey Choco,Van Tuxwell,1
New Zealand,9198,144,3/15/2022,Almond Choco,Wilone O'Kielt,1
New Zealand,11823,47,4/25/2022,Baker's Choco Chips,Oby Sorrel,1
Australia,5775,41,5/10/2022,Organic Choco Syrup,Dennison Crosswaite,1
Australia,13125,275,6/23/2022,Spicy Special Slims,Marney O'Breen,1
Canada,14287,370,2/28/2022,Smooth Sliky Salty,Beverie Moffet,1
USA,16233,138,5/25/2022,Organic Choco Syrup,Brien Boise,1
New Zealand,5313,215,2/22/2022,Baker's Choco Chips,Roddy Speechley,1
UK,3577,134,7/11/2022,85% Dark Bars,Van Tuxwell,1
Canada,3528,336,1/3/2022,Spicy Special Slims,Marney O'Breen,1
New Zealand,679,280,8/24/2022,70% Dark Bites,Rafaelita Blaksland,1
USA,2450,352,7/28/2022,50% Dark Bites,Beverie Moffet,1
USA,10577,150,5/25/2022,Mint Chip Choco,Brien Boise,1
New Zealand,2597,177,5/6/2022,Eclairs,Karlen McCaffrey,1
India,2219,142,1/28/2022,Drinking Coco,Barr Faughny,1
UK,11319,12,6/6/2022,Orange Choco,Marney O'Breen,1
New Zealand,5978,24,7/12/2022,Baker's Choco Chips,Brien Boise,1
Canada,5327,183,8/5/2022,Spicy Special Slims,Ches Bonnell,1
USA,6020,147,1/28/2022,Orange Choco,Brien Boise,1
India,5614,137,8/31/2022,Spicy Special Slims,Kaine Padly,1
USA,1736,13,4/19/2022,50% Dark Bites,Mallorie Waber,1
UK,6384,2,6/29/2022,Mint Chip Choco,Mallorie Waber,1
India,3577,261,2/24/2022,Choco Coated Almonds,Beverie Moffet,1
UK,14539,84,3/4/2022,Smooth Sliky Salty,Madelene Upcott,1
India,3493,68,6/21/2022,Eclairs,Gigi Bohling,1
Australia,994,105,1/26/2022,Organic Choco Syrup,Rafaelita Blaksland,1
New Zealand,4361,40,6/10/2022,White Choc,Oby Sorrel,1
UK,1554,65,5/23/2022,Drinking Coco,Andria Kimpton,1
India,966,107,4/15/2022,Milk Bars,Kelci Walkden,1
New Zealand,5334,227,1/31/2022,Caramel Stuffed Bars,Karlen McCaffrey,1
New Zealand,4935,39,3/4/2022,Organic Choco Syrup,Andria Kimpton,1
New Zealand,10024,84,4/19/2022,After Nines,Barr Faughny,1
UK,2506,100,5/16/2022,Almond Choco,Beverie Moffet,1
Australia,1043,120,2/17/2022,Raspberry Choco,Oby Sorrel,1
USA,6524,257,1/18/2022,Raspberry Choco,Dennison Crosswaite,1
Canada,8148,85,2/9/2022,Orange Choco,Roddy Speechley,1
Canada,3577,178,3/23/2022,Orange Choco,Mallorie Waber,1
New Zealand,3374,151,2/1/2022,Caramel Stuffed Bars,Madelene Upcott,1
India,3948,142,3/7/2022,Drinking Coco,Mallorie Waber,1
UK,3269,226,1/3/2022,White Choc,Ches Bonnell,1
USA,5271,341,2/11/2022,White Choc,Ches Bonnell,1
New Zealand,4571,140,3/16/2022,Orange Choco,Dennison Crosswaite,1
India,12327,330,8/15/2022,White Choc,Dotty Strutley,1
India,4935,73,5/12/2022,Manuka Honey Choco,Gigi Bohling,1
India,6167,4,4/11/2022,Spicy Special Slims,Van Tuxwell,1
New Zealand,18340,285,6/30/2022,Mint Chip Choco,Jan Morforth,1
New Zealand,7014,60,6/15/2022,White Choc,Dotty Strutley,1
Canada,7119,101,8/1/2022,Caramel Stuffed Bars,Rafaelita Blaksland,1
USA,15491,58,6/15/2022,Milk Bars,Kaine Padly,1
India,5747,45,6/16/2022,After Nines,Brien Boise,1
New Zealand,4550,281,5/13/2022,Raspberry Choco,Oby Sorrel,1
USA,2191,138,5/10/2022,Drinking Coco,Dennison Crosswaite,1
India,5663,322,8/25/2022,Eclairs,Oby Sorrel,1
New Zealand,7623,85,7/15/2022,Organic Choco Syrup,Ches Bonnell,1
UK,9023,409,5/16/2022,Baker's Choco Chips,Gigi Bohling,1
Australia,3402,182,6/14/2022,50% Dark Bites,Jan Morforth,1
Australia,10507,467,1/25/2022,Smooth Sliky Salty,Beverie Moffet,1
USA,7721,14,7/28/2022,Organic Choco Syrup,Ches Bonnell,1
Canada,5033,178,1/28/2022,Mint Chip Choco,Brien Boise,1
UK,1960,191,6/29/2022,Orange Choco,Kaine Padly,1
Australia,238,317,6/24/2022,70% Dark Bites,Karlen McCaffrey,1
Canada,7756,410,7/1/2022,Mint Chip Choco,Gunar Cockshoot,1
USA,1736,137,2/25/2022,Peanut Butter Cubes,Roddy Speechley,1
Canada,2660,12,8/1/2022,Smooth Sliky Salty,Curtice Advani,1
Australia,7672,254,6/21/2022,Milk Bars,Oby Sorrel,1
New Zealand,11564,24,1/25/2022,Spicy Special Slims,Camilla Castle,1
UK,1365,232,5/17/2022,Milk Bars,Gigi Bohling,1
Australia,4186,233,8/23/2022,85% Dark Bars,Andria Kimpton,1
Australia,7406,118,3/3/2022,Smooth Sliky Salty,Camilla Castle,1
India,8911,543,5/30/2022,Caramel Stuffed Bars,Roddy Speechley,1
USA,112,223,6/29/2022,Drinking Coco,Karlen McCaffrey,1
Canada,8204,204,1/4/2022,Organic Choco Syrup,Andria Kimpton,1
Australia,2611,65,1/14/2022,Drinking Coco,Jehu Rudeforth,1
USA,15652,53,2/15/2022,Mint Chip Choco,Karlen McCaffrey,1
New Zealand,4074,469,1/10/2022,Spicy Special Slims,Curtice Advani,1
USA,12250,213,5/4/2022,White Choc,Madelene Upcott,1
USA,2366,5,5/23/2022,Spicy Special Slims,Andria Kimpton,1
New Zealand,1687,147,4/26/2022,Fruit & Nut Bars,Barr Faughny,1
Canada,1232,74,7/5/2022,Organic Choco Syrup,Oby Sorrel,1
UK,6965,163,7/21/2022,Organic Choco Syrup,Madelene Upcott,1
USA,5292,248,2/21/2022,Mint Chip Choco,Dotty Strutley,1
USA,1379,138,2/3/2022,Orange Choco,Kelci Walkden,1
Australia,8001,151,7/8/2022,Caramel Stuffed Bars,Gigi Bohling,1
India,588,139,5/31/2022,50% Dark Bites,Mallorie Waber,1
New Zealand,4046,103,6/27/2022,Mint Chip Choco,Van Tuxwell,1
India,5103,129,5/13/2022,50% Dark Bites,Van Tuxwell,1
USA,2317,102,5/31/2022,Manuka Honey Choco,Van Tuxwell,1
USA,7042,37,2/28/2022,Orange Choco,Wilone O'Kielt,1
New Zealand,6713,31,3/28/2022,Eclairs,Barr Faughny,1
USA,1848,227,1/14/2022,After Nines,Gigi Bohling,1
New Zealand,6440,145,2/21/2022,Mint Chip Choco,Barr Faughny,1
Canada,10885,90,8/1/2022,85% Dark Bars,Dennison Crosswaite,1
New Zealand,2387,59,5/19/2022,Smooth Sliky Salty,Beverie Moffet,1
USA,2030,60,7/13/2022,White Choc,Husein Augar,1
Australia,6678,148,4/20/2022,Peanut Butter Cubes,Andria Kimpton,1
India,4515,22,6/30/2022,85% Dark Bars,Dennison Crosswaite,1
UK,3374,142,3/8/2022,50% Dark Bites,Curtice Advani,1
USA,5852,93,3/9/2022,Fruit & Nut Bars,Gunar Cockshoot,1
Canada,1750,208,6/16/2022,Raspberry Choco,Oby Sorrel,1
UK,5782,42,6/30/2022,Drinking Coco,Gigi Bohling,1
India,2870,120,7/28/2022,Mint Chip Choco,Kelci Walkden,1
Canada,3094,159,8/12/2022,Peanut Butter Cubes,Karlen McCaffrey,1
UK,3724,316,7/7/2022,Mint Chip Choco,Barr Faughny,1
USA,12761,47,8/25/2022,85% Dark Bars,Barr Faughny,1
Canada,3696,233,1/17/2022,Eclairs,Husein Augar,1
Australia,5222,384,3/4/2022,70% Dark Bites,Jan Morforth,1
New Zealand,8939,4,8/25/2022,Fruit & Nut Bars,Marney O'Breen,1
UK,2156,260,4/15/2022,Peanut Butter Cubes,Ches Bonnell,1
USA,2380,22,3/11/2022,Organic Choco Syrup,Kaine Padly,1
USA,3339,18,5/20/2022,Raspberry Choco,Camilla Castle,1
New Zealand,14980,42,6/14/2022,Manuka Honey Choco,Brien Boise,1
New Zealand,1512,73,4/14/2022,After Nines,Jehu Rudeforth,1
USA,6657,154,7/7/2022,Smooth Sliky Salty,Jehu Rudeforth,1
India,3836,71,8/24/2022,Mint Chip Choco,Madelene Upcott,1
India,8771,127,2/24/2022,Eclairs,Jehu Rudeforth,1
Canada,651,224,5/9/2022,Raspberry Choco,Karlen McCaffrey,1
Australia,6706,223,2/8/2022,70% Dark Bites,Kaine Padly,1
UK,1421,284,3/24/2022,70% Dark Bites,Roddy Speechley,1
USA,8526,73,6/20/2022,Drinking Coco,Rafaelita Blaksland,1
Canada,1435,112,3/7/2022,Manuka Honey Choco,Mallorie Waber,1
Australia,7434,85,6/20/2022,Fruit & Nut Bars,Kaine Padly,1
New Zealand,15316,270,2/17/2022,Organic Choco Syrup,Oby Sorrel,1
UK,10479,45,1/26/2022,99% Dark & Pure,Madelene Upcott,1
Australia,2751,153,5/2/2022,Mint Chip Choco,Madelene Upcott,1
Canada,12586,7,7/7/2022,99% Dark & Pure,Curtice Advani,1
Australia,2786,51,8/22/2022,Baker's Choco Chips,Rafaelita Blaksland,1
Australia,2303,67,8/11/2022,After Nines,Karlen McCaffrey,1
UK,8113,194,1/13/2022,99% Dark & Pure,Marney O'Breen,1
Australia,12271,116,3/2/2022,50% Dark Bites,Gunar Cockshoot,1
Australia,11298,41,7/27/2022,Choco Coated Almonds,Marney O'Breen,1
New Zealand,15855,111,3/10/2022,Drinking Coco,Kelci Walkden,1
USA,12404,334,8/23/2022,85% Dark Bars,Beverie Moffet,1
USA,3990,155,4/25/2022,Eclairs,Roddy Speechley,1
UK,10808,407,3/7/2022,Milk Bars,Dennison Crosswaite,1
UK,4858,52,7/12/2022,Organic Choco Syrup,Wilone O'Kielt,1
USA,7742,138,5/16/2022,Orange Choco,Madelene Upcott,1
India,3752,70,3/2/2022,Smooth Sliky Salty,Gunar Cockshoot,1
New Zealand,1218,149,5/30/2022,85% Dark Bars,Marney O'Breen,1
UK,10983,179,6/10/2022,Manuka Honey Choco,Marney O'Breen,1
USA,6769,353,7/25/2022,99% Dark & Pure,Brien Boise,1
New Zealand,4361,97,6/9/2022,Mint Chip Choco,Beverie Moffet,1
USA,777,60,5/12/2022,Milk Bars,Dennison Crosswaite,1
USA,3843,5,5/9/2022,Drinking Coco,Gunar Cockshoot,1
Canada,6930,182,8/9/2022,Manuka Honey Choco,Brien Boise,1
India,5733,114,4/13/2022,Choco Coated Almonds,Van Tuxwell,1
USA,8393,46,5/2/2022,Caramel Stuffed Bars,Andria Kimpton,1
USA,3822,320,8/9/2022,99% Dark & Pure,Dotty Strutley,1
Australia,6342,178,8/23/2022,Raspberry Choco,Camilla Castle,1
India,6510,170,5/13/2022,Spicy Special Slims,Gunar Cockshoot,1
USA,10171,67,2/1/2022,Manuka Honey Choco,Karlen McCaffrey,1
USA,5908,301,6/23/2022,50% Dark Bites,Camilla Castle,1
UK,10164,134,5/24/2022,Choco Coated Almonds,Madelene Upcott,1
Canada,1064,211,4/1/2022,Mint Chip Choco,Jan Morforth,1
Canada,9716,151,7/27/2022,70% Dark Bites,Camilla Castle,1
India,22050,208,1/27/2022,Peanut Butter Cubes,Ches Bonnell,1
India,2541,134,8/12/2022,Choco Coated Almonds,Jan Morforth,1
Canada,9989,49,2/1/2022,Almond Choco,Gigi Bohling,1
India,4739,204,3/2/2022,After Nines,Rafaelita Blaksland,1
Australia,3185,34,6/30/2022,99% Dark & Pure,Kelci Walkden,1
Australia,8225,91,1/17/2022,Spicy Special Slims,Dotty Strutley,1
USA,14301,130,7/7/2022,Milk Bars,Brien Boise,1
New Zealand,1316,107,1/31/2022,Mint Chip Choco,Mallorie Waber,1
UK,3486,121,8/10/2022,99% Dark & Pure,Beverie Moffet,1
USA,13930,339,8/18/2022,Peanut Butter Cubes,Beverie Moffet,1
New Zealand,5509,321,6/15/2022,White Choc,Brien Boise,1
USA,8470,9,1/26/2022,Baker's Choco Chips,Marney O'Breen,1
USA,77,69,4/29/2022,Spicy Special Slims,Kelci Walkden,1
Canada,3381,72,3/3/2022,White Choc,Mallorie Waber,1
Australia,4102,392,2/22/2022,Almond Choco,Kaine Padly,1
USA,3577,158,3/4/2022,Smooth Sliky Salty,Oby Sorrel,1
India,2975,9,7/7/2022,Smooth Sliky Salty,Dennison Crosswaite,1
New Zealand,4137,347,6/17/2022,Caramel Stuffed Bars,Camilla Castle,1
Canada,9541,114,8/2/2022,Caramel Stuffed Bars,Jan Morforth,1
USA,8001,120,8/12/2022,Baker's Choco Chips,Oby Sorrel,1
New Zealand,5152,333,1/28/2022,Peanut Butter Cubes,Madelene Upcott,1
Australia,11116,432,4/29/2022,Orange Choco,Kelci Walkden,1
Australia,13076,236,4/5/2022,Manuka Honey Choco,Marney O'Breen,1
Canada,10213,135,1/18/2022,Manuka Honey Choco,Kaine Padly,1
UK,2485,97,5/16/2022,Baker's Choco Chips,Jehu Rudeforth,1
Australia,8715,168,8/24/2022,White Choc,Kelci Walkden,1
India,273,402,1/18/2022,85% Dark Bars,Curtice Advani,1
USA,7623,10,8/22/2022,Eclairs,Kaine Padly,1
UK,7,84,3/7/2022,99% Dark & Pure,Gunar Cockshoot,1
UK,3010,69,3/4/2022,Choco Coated Almonds,Beverie Moffet,1
Canada,11550,111,4/22/2022,Manuka Honey Choco,Dotty Strutley,1
Australia,4046,89,6/9/2022,Milk Bars,Kaine Padly,1
Canada,8904,199,7/25/2022,Fruit & Nut Bars,Jan Morforth,1
India,11298,89,8/3/2022,Smooth Sliky Salty,Jan Morforth,1
Australia,4396,131,8/3/2022,Manuka Honey Choco,Rafaelita Blaksland,1
UK,12068,227,5/3/2022,Milk Bars,Jehu Rudeforth,1
Canada,9772,301,1/19/2022,After Nines,Husein Augar,1
USA,10458,316,2/11/2022,50% Dark Bites,Roddy Speechley,1
India,6426,390,6/14/2022,Almond Choco,Van Tuxwell,1
USA,6188,223,3/23/2022,50% Dark Bites,Kelci Walkden,1
Canada,7504,101,2/17/2022,85% Dark Bars,Madelene Upcott,1
Canada,1750,479,3/17/2022,Smooth Sliky Salty,Dennison Crosswaite,1
Australia,5439,287,6/29/2022,Spicy Special Slims,Mallorie Waber,1
Canada,15547,269,8/24/2022,Choco Coated Almonds,Ches Bonnell,1
Canada,11956,277,7/4/2022,Spicy Special Slims,Gigi Bohling,1
New Zealand,2723,67,3/28/2022,Almond Choco,Roddy Speechley,1
India,19327,135,4/19/2022,Smooth Sliky Salty,Curtice Advani,1
New Zealand,9058,229,1/18/2022,Mint Chip Choco,Ches Bonnell,1
New Zealand,2996,88,1/17/2022,Fruit & Nut Bars,Van Tuxwell,1
New Zealand,8848,211,2/15/2022,Mint Chip Choco,Andria Kimpton,1
UK,14336,293,2/11/2022,Milk Bars,Andria Kimpton,1
USA,16401,179,3/21/2022,Manuka Honey Choco,Camilla Castle,1
New Zealand,5173,129,1/5/2022,Almond Choco,Gunar Cockshoot,1
India,6328,164,5/30/2022,Raspberry Choco,Brien Boise,1
USA,2534,219,1/4/2022,99% Dark & Pure,Jehu Rudeforth,1
Australia,1435,258,4/22/2022,Fruit & Nut Bars,Beverie Moffet,1
Canada,3052,116,2/10/2022,Milk Bars,Gigi Bohling,1
India,910,204,8/12/2022,Spicy Special Slims,Dotty Strutley,1
USA,2331,321,8/10/2022,Organic Choco Syrup,Gunar Cockshoot,1
Australia,679,56,6/7/2022,Raspberry Choco,Kelci Walkden,1
India,2086,74,6/6/2022,Baker's Choco Chips,Jehu Rudeforth,1
New Zealand,5012,189,4/5/2022,Baker's Choco Chips,Karlen McCaffrey,1
USA,4501,131,4/18/2022,50% Dark Bites,Wilone O'Kielt,1
India,13482,15,1/31/2022,50% Dark Bites,Andria Kimpton,1
USA,5621,140,8/22/2022,Baker's Choco Chips,Madelene Upcott,1
Australia,10486,198,2/25/2022,99% Dark & Pure,Jehu Rudeforth,1
Australia,17626,103,2/22/2022,Mint Chip Choco,Jan Morforth,1
New Zealand,4494,187,1/12/2022,Milk Bars,Oby Sorrel,1
UK,105,125,5/25/2022,Almond Choco,Brien Boise,1
India,2464,8,2/1/2022,Smooth Sliky Salty,Kelci Walkden,1
UK,1379,70,4/27/2022,Eclairs,Rafaelita Blaksland,1
USA,2583,126,7/22/2022,Smooth Sliky Salty,Gigi Bohling,1
New Zealand,3220,265,1/26/2022,Mint Chip Choco,Curtice Advani,1
USA,4802,296,8/24/2022,Mint Chip Choco,Curtice Advani,1
New Zealand,5677,21,1/18/2022,Fruit & Nut Bars,Madelene Upcott,1
India,945,83,3/30/2022,85% Dark Bars,Karlen McCaffrey,1
Australia,8757,162,1/17/2022,Caramel Stuffed Bars,Ches Bonnell,1
USA,4816,145,2/17/2022,Fruit & Nut Bars,Kelci Walkden,1
Canada,7532,44,4/8/2022,Peanut Butter Cubes,Kelci Walkden,1
Canada,3549,82,7/6/2022,Drinking Coco,Gigi Bohling,1
India,4340,226,4/4/2022,Fruit & Nut Bars,Husein Augar,1
New Zealand,1799,207,3/2/2022,Organic Choco Syrup,Jan Morforth,1
New Zealand,1127,176,8/9/2022,Raspberry Choco,Gigi Bohling,1
Australia,10038,286,6/9/2022,Milk Bars,Dennison Crosswaite,1
UK,2926,300,6/2/2022,Caramel Stuffed Bars,Ches Bonnell,1
USA,6279,235,7/5/2022,Fruit & Nut Bars,Van Tuxwell,1
Canada,308,125,8/11/2022,Eclairs,Andria Kimpton,1
India,3500,145,2/11/2022,Choco Coated Almonds,Madelene Upcott,1
New Zealand,658,65,8/11/2022,Spicy Special Slims,Kelci Walkden,1
Australia,12565,102,5/12/2022,Drinking Coco,Roddy Speechley,1
USA,5012,93,7/15/2022,Milk Bars,Wilone O'Kielt,1
India,3955,134,1/18/2022,Organic Choco Syrup,Andria Kimpton,1
UK,8512,189,1/5/2022,Fruit & Nut Bars,Madelene Upcott,1
Australia,504,232,6/29/2022,50% Dark Bites,Curtice Advani,1
Canada,2800,45,6/14/2022,Raspberry Choco,Brien Boise,1
India,4256,67,8/8/2022,Mint Chip Choco,Gunar Cockshoot,1
India,13573,138,3/23/2022,Mint Chip Choco,Dennison Crosswaite,1
India,6566,99,1/4/2022,Caramel Stuffed Bars,Barr Faughny,1
India,13503,251,2/22/2022,Milk Bars,Brien Boise,1
UK,8680,252,2/17/2022,Spicy Special Slims,Beverie Moffet,1
USA,385,78,2/3/2022,Almond Choco,Barr Faughny,1
Canada,1267,130,3/17/2022,Raspberry Choco,Van Tuxwell,1
Australia,2961,154,1/25/2022,Baker's Choco Chips,Wilone O'Kielt,1
Australia,1981,52,7/27/2022,Milk Bars,Brien Boise,1
Australia,7959,53,1/28/2022,Fruit & Nut Bars,Husein Augar,1
Australia,10794,50,7/5/2022,Organic Choco Syrup,Madelene Upcott,1
India,1897,44,3/15/2022,White Choc,Van Tuxwell,1
Canada,2744,200,8/4/2022,After Nines,Gunar Cockshoot,1
USA,4382,361,6/27/2022,Fruit & Nut Bars,Jan Morforth,1
Canada,4515,172,7/13/2022,After Nines,Jan Morforth,1
New Zealand,5474,239,2/24/2022,Manuka Honey Choco,Barr Faughny,1
New Zealand,6069,55,6/28/2022,85% Dark Bars,Karlen McCaffrey,1
Australia,6944,27,6/30/2022,85% Dark Bars,Oby Sorrel,1
Canada,5859,7,8/18/2022,Choco Coated Almonds,Curtice Advani,1
India,12173,301,1/24/2022,70% Dark Bites,Kaine Padly,1
USA,5292,134,3/11/2022,White Choc,Beverie Moffet,1
New Zealand,5705,350,6/23/2022,After Nines,Ches Bonnell,1
India,2492,33,8/22/2022,Spicy Special Slims,Husein Augar,1
Canada,3024,23,1/4/2022,50% Dark Bites,Gunar Cockshoot,1
India,3437,201,4/5/2022,Milk Bars,Curtice Advani,1
India,1869,323,4/15/2022,Milk Bars,Beverie Moffet,1
Australia,3171,220,5/11/2022,White Choc,Husein Augar,1
Canada,4858,488,7/21/2022,Manuka Honey Choco,Andria Kimpton,1
New Zealand,1225,84,2/11/2022,Orange Choco,Jan Morforth,1
Canada,1155,79,7/8/2022,Smooth Sliky Salty,Andria Kimpton,1
UK,6811,344,8/11/2022,Raspberry Choco,Gunar Cockshoot,1
New Zealand,6433,7,8/4/2022,After Nines,Husein Augar,1
New Zealand,8169,88,6/14/2022,Orange Choco,Andria Kimpton,1
UK,2275,275,1/17/2022,Baker's Choco Chips,Dennison Crosswaite,1
Canada,3857,512,6/23/2022,Orange Choco,Jehu Rudeforth,1
UK,1463,113,8/24/2022,Smooth Sliky Salty,Jehu Rudeforth,1
UK,7924,275,6/7/2022,Caramel Stuffed Bars,Andria Kimpton,1
UK,8799,47,6/22/2022,White Choc,Jan Morforth,1
USA,2898,276,7/13/2022,Fruit & Nut Bars,Dotty Strutley,1
UK,9506,212,5/24/2022,Choco Coated Almonds,Kelci Walkden,1
New Zealand,7175,145,8/9/2022,After Nines,Gunar Cockshoot,1
Canada,1729,31,4/6/2022,85% Dark Bars,Kaine Padly,1
New Zealand,1589,271,7/28/2022,Manuka Honey Choco,Jan Morforth,1
New Zealand,630,52,8/24/2022,Raspberry Choco,Gunar Cockshoot,1
Australia,112,128,1/17/2022,99% Dark & Pure,Van Tuxwell,1
USA,5187,142,2/7/2022,Drinking Coco,Curtice Advani,1
Australia,6223,256,5/9/2022,Spicy Special Slims,Brien Boise,1
New Zealand,7714,106,6/6/2022,85% Dark Bars,Mallorie Waber,1
USA,9457,6,6/6/2022,Choco Coated Almonds,Wilone O'Kielt,1
New Zealand,6678,226,5/24/2022,Organic Choco Syrup,Beverie Moffet,1
UK,2107,121,1/13/2022,50% Dark Bites,Gunar Cockshoot,1
USA,6069,151,5/23/2022,Raspberry Choco,Marney O'Breen,1
UK,1862,284,6/29/2022,White Choc,Jehu Rudeforth,1
New Zealand,6972,89,3/11/2022,85% Dark Bars,Jehu Rudeforth,1
USA,10220,508,4/25/2022,85% Dark Bars,Dotty Strutley,1
Australia,3969,243,5/30/2022,Smooth Sliky Salty,Rafaelita Blaksland,1
India,1547,170,5/23/2022,Manuka Honey Choco,Curtice Advani,1
USA,1162,18,5/23/2022,Peanut Butter Cubes,Mallorie Waber,1
Canada,6342,282,6/24/2022,Peanut Butter Cubes,Van Tuxwell,1
New Zealand,10633,277,3/11/2022,Smooth Sliky Salty,Kelci Walkden,1
USA,15057,212,7/27/2022,Smooth Sliky Salty,Rafaelita Blaksland,1
USA,4704,126,8/16/2022,White Choc,Rafaelita Blaksland,1
Canada,9338,11,3/7/2022,Smooth Sliky Salty,Roddy Speechley,1
New Zealand,7959,30,4/5/2022,After Nines,Curtice Advani,1
India,9023,51,5/4/2022,85% Dark Bars,Camilla Castle,1
USA,14525,92,1/4/2022,Choco Coated Almonds,Ches Bonnell,1
Australia,5810,101,1/13/2022,Baker's Choco Chips,Marney O'Breen,1
New Zealand,6426,98,7/11/2022,Fruit & Nut Bars,Wilone O'Kielt,1
Australia,4403,159,5/17/2022,Mint Chip Choco,Kaine Padly,1
New Zealand,1582,62,7/21/2022,Peanut Butter Cubes,Camilla Castle,1
Canada,791,22,2/22/2022,Organic Choco Syrup,Curtice Advani,1
India,9100,187,5/23/2022,99% Dark & Pure,Jan Morforth,1
Canada,9884,200,7/12/2022,Drinking Coco,Rafaelita Blaksland,1
UK,3780,201,6/15/2022,Orange Choco,Jan Morforth,1
New Zealand,4557,308,6/23/2022,50% Dark Bites,Barr Faughny,1
Australia,5796,55,3/25/2022,Eclairs,Curtice Advani,1
India,84,153,7/4/2022,Caramel Stuffed Bars,Jan Morforth,1
UK,9037,101,5/12/2022,White Choc,Andria Kimpton,1
New Zealand,4746,137,4/4/2022,Raspberry Choco,Camilla Castle,1
Australia,6713,398,4/15/2022,Orange Choco,Madelene Upcott,1
Canada,6237,88,3/8/2022,Eclairs,Roddy Speechley,1
India,7483,232,1/17/2022,White Choc,Karlen McCaffrey,1
India,1309,51,8/22/2022,Mint Chip Choco,Wilone O'Kielt,1
UK,1155,66,7/25/2022,99% Dark & Pure,Andria Kimpton,1
UK,2989,124,6/14/2022,50% Dark Bites,Marney O'Breen,1
India,9625,78,4/5/2022,Choco Coated Almonds,Ches Bonnell,1
UK,7357,341,8/26/2022,Raspberry Choco,Madelene Upcott,1
Australia,10031,114,8/3/2022,50% Dark Bites,Wilone O'Kielt,1
Canada,6587,4,7/11/2022,White Choc,Gigi Bohling,1
New Zealand,3311,22,3/11/2022,Eclairs,Wilone O'Kielt,1
UK,15330,30,1/10/2022,Peanut Butter Cubes,Brien Boise,1
UK,14028,351,4/4/2022,Baker's Choco Chips,Roddy Speechley,1
Australia,6678,708,1/17/2022,50% Dark Bites,Karlen McCaffrey,1
New Zealand,8624,50,7/8/2022,Organic Choco Syrup,Marney O'Breen,1
UK,1197,356,4/12/2022,Organic Choco Syrup,Jan Morforth,1
Canada,483,185,8/24/2022,Fruit & Nut Bars,Rafaelita Blaksland,1
UK,1687,236,6/7/2022,Choco Coated Almonds,Ches Bonnell,1
Canada,1309,30,7/28/2022,Almond Choco,Gunar Cockshoot,1
USA,9534,111,2/21/2022,99% Dark & Pure,Husein Augar,1
Canada,1694,289,4/8/2022,Mint Chip Choco,Dennison Crosswaite,1
UK,70,103,6/28/2022,Manuka Honey Choco,Brien Boise,1
UK,2443,20,3/24/2022,Baker's Choco Chips,Van Tuxwell,1
Australia,2933,55,7/29/2022,Caramel Stuffed Bars,Barr Faughny,1
USA,2044,90,5/25/2022,Eclairs,Dennison Crosswaite,1
Australia,6524,303,3/30/2022,Raspberry Choco,Gigi Bohling,1
USA,12656,126,7/18/2022,Organic Choco Syrup,Dennison Crosswaite,1
Canada,8722,109,5/10/2022,Orange Choco,Beverie Moffet,1
Australia,15750,92,3/18/2022,Choco Coated Almonds,Mallorie Waber,1
India,6839,56,6/15/2022,Caramel Stuffed Bars,Ches Bonnell,1
Canada,13685,58,5/12/2022,50% Dark Bites,Van Tuxwell,1
New Zealand,2912,110,6/23/2022,Baker's Choco Chips,Kelci Walkden,1
India,3339,171,4/21/2022,Spicy Special Slims,Beverie Moffet,1
Australia,910,117,8/17/2022,Almond Choco,Gigi Bohling,1
New Zealand,19481,51,2/7/2022,Eclairs,Rafaelita Blaksland,1
Canada,8099,118,3/17/2022,Smooth Sliky Salty,Kelci Walkden,1
India,13727,79,8/1/2022,Baker's Choco Chips,Jan Morforth,1
Australia,8659,29,3/18/2022,Milk Bars,Jehu Rudeforth,1
Canada,5782,103,6/14/2022,Fruit & Nut Bars,Gigi Bohling,1
UK,8463,155,4/22/2022,Eclairs,Beverie Moffet,1
New Zealand,4914,31,1/18/2022,Eclairs,Marney O'Breen,1
Australia,3087,128,8/26/2022,99% Dark & Pure,Husein Augar,1
New Zealand,9205,419,6/10/2022,Fruit & Nut Bars,Gunar Cockshoot,1
Canada,2303,7,1/31/2022,70% Dark Bites,Curtice Advani,1
New Zealand,1358,106,4/8/2022,Manuka Honey Choco,Kelci Walkden,1
Australia,3605,68,6/7/2022,Baker's Choco Chips,Dotty Strutley,1
Australia,8498,44,2/10/2022,85% Dark Bars,Barr Faughny,1
Australia,700,457,5/16/2022,50% Dark Bites,Beverie Moffet,1
India,2191,524,3/18/2022,Baker's Choco Chips,Gunar Cockshoot,1
Australia,644,137,7/13/2022,50% Dark Bites,Van Tuxwell,1
USA,4340,86,7/25/2022,Manuka Honey Choco,Oby Sorrel,1
Canada,2282,296,8/19/2022,Choco Coated Almonds,Van Tuxwell,1
Canada,7714,597,6/24/2022,70% Dark Bites,Karlen McCaffrey,1
Canada,826,149,6/20/2022,Fruit & Nut Bars,Kelci Walkden,1
India,203,207,8/2/2022,99% Dark & Pure,Camilla Castle,1
New Zealand,13356,93,2/22/2022,70% Dark Bites,Madelene Upcott,1
New Zealand,6510,23,2/1/2022,Orange Choco,Mallorie Waber,1
Canada,5894,305,2/14/2022,70% Dark Bites,Jan Morforth,1
Australia,7910,125,2/24/2022,Milk Bars,Kelci Walkden,1
India,784,129,3/18/2022,Orange Choco,Dennison Crosswaite,1
UK,1750,252,8/30/2022,Eclairs,Husein Augar,1
USA,280,75,5/9/2022,Peanut Butter Cubes,Gigi Bohling,1
USA,504,87,1/18/2022,Smooth Sliky Salty,Wilone O'Kielt,1
India,7154,342,7/4/2022,White Choc,Curtice Advani,1
New Zealand,1617,13,6/3/2022,Spicy Special Slims,Oby Sorrel,1
New Zealand,10822,30,2/23/2022,Peanut Butter Cubes,Beverie Moffet,1
New Zealand,10724,203,5/9/2022,99% Dark & Pure,Dotty Strutley,1
India,3640,106,6/6/2022,70% Dark Bites,Kelci Walkden,1
India,7532,234,7/4/2022,Drinking Coco,Kelci Walkden,1
New Zealand,1582,100,6/6/2022,Drinking Coco,Brien Boise,1
Australia,1456,91,5/13/2022,Almond Choco,Dotty Strutley,1
New Zealand,2016,277,1/31/2022,Organic Choco Syrup,Wilone O'Kielt,1
New Zealand,7588,42,6/30/2022,Caramel Stuffed Bars,Ches Bonnell,1
Canada,3402,249,8/25/2022,Manuka Honey Choco,Barr Faughny,1
New Zealand,700,97,1/10/2022,Smooth Sliky Salty,Gigi Bohling,1
USA,1904,8,8/22/2022,Manuka Honey Choco,Brien Boise,1
New Zealand,4844,275,4/14/2022,85% Dark Bars,Roddy Speechley,1
UK,9625,313,5/31/2022,Smooth Sliky Salty,Oby Sorrel,1
UK,4599,323,4/8/2022,Raspberry Choco,Oby Sorrel,1
USA,3003,155,2/21/2022,Drinking Coco,Roddy Speechley,1
Australia,9744,377,3/30/2022,Manuka Honey Choco,Andria Kimpton,1
India,1400,2,3/2/2022,Raspberry Choco,Mallorie Waber,1
USA,364,170,7/28/2022,Orange Choco,Jehu Rudeforth,1
New Zealand,7231,38,3/24/2022,70% Dark Bites,Kaine Padly,1
Australia,63,105,8/11/2022,After Nines,Curtice Advani,1
UK,8309,166,5/17/2022,Almond Choco,Husein Augar,1
Canada,3164,164,5/18/2022,Choco Coated Almonds,Kaine Padly,1
UK,5691,171,8/17/2022,Peanut Butter Cubes,Roddy Speechley,1
New Zealand,490,49,4/4/2022,Eclairs,Ches Bonnell,1
India,18032,205,8/9/2022,85% Dark Bars,Brien Boise,1
New Zealand,637,313,1/17/2022,Organic Choco Syrup,Brien Boise,1
Canada,4067,29,2/14/2022,White Choc,Andria Kimpton,1
New Zealand,8204,307,5/16/2022,Orange Choco,Gigi Bohling,1
Canada,9870,121,3/16/2022,Smooth Sliky Salty,Ches Bonnell,1
Canada,5131,285,1/31/2022,70% Dark Bites,Husein Augar,1
Canada,1141,205,3/10/2022,Organic Choco Syrup,Barr Faughny,1
UK,7980,157,6/30/2022,Organic Choco Syrup,Oby Sorrel,1
New Zealand,5229,182,3/1/2022,Eclairs,Van Tuxwell,1
UK,3423,100,5/27/2022,Drinking Coco,Mallorie Waber,1
UK,6468,223,7/11/2022,Milk Bars,Oby Sorrel,1
New Zealand,4326,61,3/2/2022,Mint Chip Choco,Karlen McCaffrey,1
USA,7154,133,3/4/2022,Raspberry Choco,Jehu Rudeforth,1
UK,3997,228,6/23/2022,85% Dark Bars,Kelci Walkden,1
USA,5180,233,1/27/2022,Almond Choco,Kelci Walkden,1
Canada,2723,425,1/14/2022,Orange Choco,Marney O'Breen,1
India,952,24,7/29/2022,Fruit & Nut Bars,Dennison Crosswaite,1
Canada,5691,495,5/13/2022,Smooth Sliky Salty,Brien Boise,1
Canada,10969,170,2/3/2022,Baker's Choco Chips,Barr Faughny,1
India,5964,26,5/27/2022,Smooth Sliky Salty,Brien Boise,1
Australia,2821,24,2/18/2022,Drinking Coco,Jan Morforth,1
India,1302,33,1/28/2022,Spicy Special Slims,Brien Boise,1
UK,5474,109,6/29/2022,Eclairs,Van Tuxwell,1
India,4179,276,1/13/2022,Caramel Stuffed Bars,Wilone O'Kielt,1
UK,1946,164,6/27/2022,After Nines,Jehu Rudeforth,1
Canada,4291,1,3/29/2022,White Choc,Barr Faughny,1
India,7196,160,6/3/2022,Organic Choco Syrup,Gunar Cockshoot,1
Canada,1939,98,3/21/2022,Smooth Sliky Salty,Mallorie Waber,1
India,10437,46,4/12/2022,Eclairs,Mallorie Waber,1
Australia,6916,259,1/19/2022,Raspberry Choco,Rafaelita Blaksland,1
UK,3647,310,4/6/2022,50% Dark Bites,Karlen McCaffrey,1
Australia,8995,78,8/2/2022,50% Dark Bites,Kaine Padly,1
Australia,7252,136,4/12/2022,Eclairs,Gigi Bohling,1
India,16380,130,7/21/2022,Drinking Coco,Oby Sorrel,1
New Zealand,9660,24,3/22/2022,Baker's Choco Chips,Van Tuxwell,1
India,4522,5,5/9/2022,Peanut Butter Cubes,Husein Augar,1
Australia,329,109,8/9/2022,Baker's Choco Chips,Andria Kimpton,1
Canada,3458,294,7/20/2022,Choco Coated Almonds,Madelene Upcott,1
India,4641,413,4/14/2022,70% Dark Bites,Brien Boise,1
Canada,4627,136,1/25/2022,White Choc,Jehu Rudeforth,1
Australia,3192,175,4/25/2022,Almond Choco,Andria Kimpton,1
Canada,252,237,1/17/2022,After Nines,Dotty Strutley,1
USA,868,125,8/15/2022,Eclairs,Karlen McCaffrey,1
Canada,210,16,6/2/2022,Fruit & Nut Bars,Karlen McCaffrey,1
USA,7007,135,6/30/2022,85% Dark Bars,Gunar Cockshoot,1
New Zealand,5845,91,2/10/2022,Raspberry Choco,Dotty Strutley,1
Canada,1372,614,2/23/2022,Caramel Stuffed Bars,Marney O'Breen,1
India,8428,216,1/27/2022,Organic Choco Syrup,Dennison Crosswaite,1
UK,4977,317,5/26/2022,Mint Chip Choco,Camilla Castle,1
USA,1694,21,4/14/2022,70% Dark Bites,Brien Boise,1
Australia,4326,154,8/1/2022,99% Dark & Pure,Madelene Upcott,1
Australia,9527,222,8/22/2022,Eclairs,Mallorie Waber,1
India,10766,157,7/22/2022,99% Dark & Pure,Marney O'Breen,1
USA,1288,27,4/28/2022,Fruit & Nut Bars,Husein Augar,1
Australia,4879,350,5/30/2022,Almond Choco,Kelci Walkden,1
USA,2408,157,7/21/2022,Milk Bars,Ches Bonnell,1
UK,3094,468,8/2/2022,Caramel Stuffed Bars,Jan Morforth,1
New Zealand,7231,130,6/15/2022,70% Dark Bites,Brien Boise,1
India,8981,130,7/5/2022,85% Dark Bars,Oby Sorrel,1
New Zealand,7,518,4/12/2022,Smooth Sliky Salty,Kaine Padly,1
Australia,1372,105,8/18/2022,70% Dark Bites,Gigi Bohling,1
UK,5250,293,1/12/2022,50% Dark Bites,Jan Morforth,1
Canada,7560,15,8/11/2022,White Choc,Gunar Cockshoot,1
Australia,5012,384,1/13/2022,Spicy Special Slims,Jehu Rudeforth,1
UK,3038,135,4/29/2022,Baker's Choco Chips,Husein Augar,1
New Zealand,1099,92,7/7/2022,After Nines,Rafaelita Blaksland,1
New Zealand,7413,4,3/11/2022,Mint Chip Choco,Madelene Upcott,1
UK,5397,239,2/16/2022,70% Dark Bites,Madelene Upcott,1
Australia,2303,33,1/7/2022,Organic Choco Syrup,Barr Faughny,1
New Zealand,1141,518,1/12/2022,Drinking Coco,Beverie Moffet,1
India,10325,147,6/9/2022,Eclairs,Beverie Moffet,1
India,2149,84,5/16/2022,Eclairs,Andria Kimpton,1
UK,12362,94,6/23/2022,85% Dark Bars,Gigi Bohling,1
UK,12635,194,1/28/2022,Raspberry Choco,Roddy Speechley,1
UK,2443,216,7/14/2022,Mint Chip Choco,Dotty Strutley,1
Canada,6237,247,4/18/2022,Drinking Coco,Barr Faughny,1
USA,1736,79,6/14/2022,Milk Bars,Oby Sorrel,1
UK,7315,237,4/15/2022,Orange Choco,Oby Sorrel,1
Canada,4935,63,5/19/2022,Peanut Butter Cubes,Curtice Advani,1
India,1393,172,4/13/2022,White Choc,Gigi Bohling,1
Canada,3381,408,8/15/2022,Choco Coated Almonds,Husein Augar,1
India,2933,233,8/22/2022,Choco Coated Almonds,Wilone O'Kielt,1
New Zealand,3836,59,4/22/2022,Baker's Choco Chips,Wilone O'Kielt,1
UK,8022,123,8/3/2022,Choco Coated Almonds,Kaine Padly,1
New Zealand,371,229,1/4/2022,Organic Choco Syrup,Dennison Crosswaite,1
Canada,16702,198,1/13/2022,After Nines,Kelci Walkden,1
Australia,13258,32,5/11/2022,Baker's Choco Chips,Van Tuxwell,1
New Zealand,2058,236,2/16/2022,Peanut Butter Cubes,Husein Augar,1
UK,10192,67,5/20/2022,Caramel Stuffed Bars,Kaine Padly,1
UK,7140,438,2/3/2022,Drinking Coco,Jehu Rudeforth,1
India,9835,167,5/6/2022,Manuka Honey Choco,Beverie Moffet,1
UK,5775,135,6/30/2022,Choco Coated Almonds,Gunar Cockshoot,1
UK,749,148,3/22/2022,Smooth Sliky Salty,Gunar Cockshoot,1
Canada,7770,54,2/17/2022,Orange Choco,Camilla Castle,1
UK,5502,64,7/7/2022,85% Dark Bars,Jehu Rudeforth,1
UK,6223,181,3/16/2022,70% Dark Bites,Oby Sorrel,1
UK,3507,114,8/12/2022,99% Dark & Pure,Kelci Walkden,1
New Zealand,5600,181,1/21/2022,After Nines,Gigi Bohling,1
Australia,721,151,5/6/2022,50% Dark Bites,Oby Sorrel,1
Canada,6615,137,6/24/2022,50% Dark Bites,Oby Sorrel,1
USA,7420,163,5/5/2022,White Choc,Barr Faughny,1
New Zealand,3164,84,3/25/2022,99% Dark & Pure,Rafaelita Blaksland,1
Australia,9114,140,2/14/2022,Caramel Stuffed Bars,Curtice Advani,1
New Zealand,5404,187,5/12/2022,85% Dark Bars,Curtice Advani,1
New Zealand,3990,169,1/25/2022,Smooth Sliky Salty,Barr Faughny,1
UK,14924,12,6/28/2022,85% Dark Bars,Ches Bonnell,1
Australia,7091,194,7/13/2022,Drinking Coco,Dennison Crosswaite,1
USA,2807,252,5/16/2022,Milk Bars,Roddy Speechley,1
India,6496,168,3/14/2022,After Nines,Jan Morforth,1
USA,3738,261,8/15/2022,After Nines,Gunar Cockshoot,1
India,1190,256,2/16/2022,Orange Choco,Ches Bonnell,1
UK,8379,43,6/15/2022,Manuka Honey Choco,Mallorie Waber,1
Australia,9268,100,5/27/2022,Raspberry Choco,Barr Faughny,1
USA,1029,98,6/14/2022,Drinking Coco,Wilone O'Kielt,1
India,3549,76,2/25/2022,Eclairs,Wilone O'Kielt,1
India,12026,262,8/4/2022,After Nines,Wilone O'Kielt,1
India,2303,244,6/28/2022,99% Dark & Pure,Kelci Walkden,1
Canada,13405,12,4/5/2022,Spicy Special Slims,Gunar Cockshoot,1
Canada,14763,113,7/5/2022,Peanut Butter Cubes,Madelene Upcott,1
New Zealand,12894,48,1/20/2022,Eclairs,Kaine Padly,1
New Zealand,8302,131,2/16/2022,Drinking Coco,Ches Bonnell,1
UK,455,174,7/12/2022,Drinking Coco,Curtice Advani,1
India,8183,254,6/16/2022,Raspberry Choco,Kelci Walkden,1
Australia,1645,284,4/13/2022,Choco Coated Almonds,Dotty Strutley,1
UK,3143,67,2/21/2022,50% Dark Bites,Kaine Padly,1
Canada,5873,249,5/11/2022,Choco Coated Almonds,Roddy Speechley,1
India,11298,313,4/15/2022,50% Dark Bites,Ches Bonnell,1
Canada,12425,167,6/7/2022,Peanut Butter Cubes,Oby Sorrel,1
UK,1715,286,6/27/2022,White Choc,Oby Sorrel,1
India,8190,109,7/29/2022,After Nines,Barr Faughny,1
Canada,4991,166,6/2/2022,Smooth Sliky Salty,Wilone O'Kielt,1
India,15491,85,1/26/2022,Mint Chip Choco,Rafaelita Blaksland,1
Canada,5096,142,3/2/2022,99% Dark & Pure,Rafaelita Blaksland,1
Australia,7063,104,1/10/2022,70% Dark Bites,Van Tuxwell,1
USA,2275,115,6/27/2022,70% Dark Bites,Beverie Moffet,1
Canada,7602,18,6/30/2022,Orange Choco,Barr Faughny,1
Australia,4200,80,7/8/2022,85% Dark Bars,Roddy Speechley,1
India,11137,88,6/8/2022,Spicy Special Slims,Oby Sorrel,1
UK,3388,212,8/18/2022,Manuka Honey Choco,Jan Morforth,1
Australia,6832,306,4/8/2022,After Nines,Kaine Padly,1
Canada,3437,181,8/8/2022,Fruit & Nut Bars,Wilone O'Kielt,1
UK,301,65,8/26/2022,Milk Bars,Wilone O'Kielt,1
Canada,1869,158,1/14/2022,Fruit & Nut Bars,Oby Sorrel,1
USA,17465,271,8/11/2022,Baker's Choco Chips,Dennison Crosswaite,1
USA,10143,24,5/31/2022,Almond Choco,Madelene Upcott,1
New Zealand,3626,10,7/11/2022,50% Dark Bites,Van Tuxwell,1
Canada,3346,304,3/2/2022,Caramel Stuffed Bars,Karlen McCaffrey,1
Australia,6321,88,7/13/2022,Raspberry Choco,Madelene Upcott,1
UK,9345,133,8/3/2022,Spicy Special Slims,Rafaelita Blaksland,1
UK,15008,165,3/1/2022,Peanut Butter Cubes,Curtice Advani,1
New Zealand,7609,150,4/13/2022,White Choc,Kelci Walkden,1
Canada,10332,180,2/14/2022,Fruit & Nut Bars,Beverie Moffet,1
India,819,213,7/26/2022,White Choc,Mallorie Waber,1
UK,5754,133,1/27/2022,Drinking Coco,Brien Boise,1
India,28,446,4/14/2022,Peanut Butter Cubes,Jehu Rudeforth,1
USA,6440,141,5/19/2022,Almond Choco,Oby Sorrel,1
India,4956,58,2/9/2022,Eclairs,Husein Augar,1
UK,2352,58,5/25/2022,Spicy Special Slims,Brien Boise,1
Australia,3906,76,1/26/2022,Manuka Honey Choco,Oby Sorrel,1
India,1813,296,7/4/2022,White Choc,Beverie Moffet,1
India,11788,73,4/13/2022,Almond Choco,Ches Bonnell,1
Australia,5768,119,1/25/2022,Smooth Sliky Salty,Gigi Bohling,1
USA,2401,78,4/25/2022,85% Dark Bars,Camilla Castle,1
USA,4515,392,6/10/2022,Eclairs,Camilla Castle,1
New Zealand,10794,51,8/22/2022,White Choc,Madelene Upcott,1
India,13706,207,6/27/2022,After Nines,Van Tuxwell,1
India,4361,40,6/30/2022,Orange Choco,Husein Augar,1
India,10122,100,8/30/2022,Almond Choco,Jehu Rudeforth,1
Australia,994,57,8/23/2022,Raspberry Choco,Karlen McCaffrey,1
New Zealand,2268,42,8/26/2022,99% Dark & Pure,Camilla Castle,1
Australia,574,156,3/9/2022,Orange Choco,Gigi Bohling,1
UK,1792,23,4/20/2022,Drinking Coco,Kelci Walkden,1
Canada,4844,539,6/10/2022,Caramel Stuffed Bars,Mallorie Waber,1
Australia,938,158,2/8/2022,Organic Choco Syrup,Husein Augar,1
Australia,4879,22,8/25/2022,White Choc,Brien Boise,1
India,9107,73,2/16/2022,Peanut Butter Cubes,Dotty Strutley,1
UK,12187,27,5/30/2022,99% Dark & Pure,Dennison Crosswaite,1
New Zealand,5670,64,6/29/2022,50% Dark Bites,Gigi Bohling,1
USA,476,133,6/16/2022,Milk Bars,Gigi Bohling,1
UK,2681,149,3/4/2022,Caramel Stuffed Bars,Brien Boise,1
New Zealand,1533,434,3/15/2022,Peanut Butter Cubes,Curtice Advani,1
New Zealand,9765,85,1/27/2022,50% Dark Bites,Curtice Advani,1
Canada,994,118,7/5/2022,Drinking Coco,Beverie Moffet,1
USA,3318,299,3/29/2022,Caramel Stuffed Bars,Barr Faughny,1
Canada,4214,35,5/12/2022,Almond Choco,Mallorie Waber,1
USA,7714,44,3/11/2022,Drinking Coco,Oby Sorrel,1
New Zealand,4690,299,7/11/2022,Eclairs,Brien Boise,1
New Zealand,13062,62,8/1/2022,Choco Coated Almonds,Gunar Cockshoot,1
UK,12488,200,2/16/2022,Spicy Special Slims,Gunar Cockshoot,1
USA,14147,235,4/13/2022,After Nines,Curtice Advani,1
India,49,363,2/14/2022,Choco Coated Almonds,Oby Sorrel,1
Australia,10199,68,3/14/2022,Peanut Butter Cubes,Ches Bonnell,1
Australia,11389,26,4/26/2022,Spicy Special Slims,Oby Sorrel,1
Canada,3584,200,4/5/2022,Manuka Honey Choco,Jehu Rudeforth,1
Australia,3710,260,4/15/2022,70% Dark Bites,Madelene Upcott,1
Australia,7952,235,8/18/2022,99% Dark & Pure,Gunar Cockshoot,1
Australia,10822,168,1/26/2022,99% Dark & Pure,Karlen McCaffrey,1
Australia,5250,47,2/14/2022,After Nines,Jehu Rudeforth,1
Australia,13846,421,1/11/2022,Baker's Choco Chips,Dennison Crosswaite,1
Australia,1470,167,4/8/2022,Choco Coated Almonds,Ches Bonnell,1
Australia,1288,60,5/4/2022,Drinking Coco,Kelci Walkden,1
Australia,2674,295,1/13/2022,Mint Chip Choco,Van Tuxwell,1
Australia,4263,264,7/15/2022,Organic Choco Syrup,Brien Boise,1
Australia,3647,76,7/4/2022,Organic Choco Syrup,Roddy Speechley,1
Australia,301,205,8/19/2022,Peanut Butter Cubes,Brien Boise,1
Australia,8400,27,4/25/2022,Raspberry Choco,Mallorie Waber,1
Australia,4158,109,2/11/2022,Smooth Sliky Salty,Mallorie Waber,1
Australia,2226,46,1/4/2022,Smooth Sliky Salty,Wilone O'Kielt,1
Australia,4410,323,5/17/2022,Spicy Special Slims,Karlen McCaffrey,1
Australia,6055,93,7/5/2022,White Choc,Dotty Strutley,1
Australia,6818,102,3/21/2022,White Choc,Rafaelita Blaksland,1
Canada,10262,15,4/8/2022,70% Dark Bites,Andria Kimpton,1
Canada,7077,77,6/2/2022,70% Dark Bites,Van Tuxwell,1
Canada,6139,45,2/16/2022,85% Dark Bars,Beverie Moffet,1
Canada,5845,172,8/22/2022,After Nines,Kaine Padly,1
Canada,6055,73,8/12/2022,Almond Choco,Kaine Padly,1
Canada,12481,264,3/3/2022,Drinking Coco,Camilla Castle,1
Canada,2702,24,1/10/2022,Drinking Coco,Dennison Crosswaite,1
Canada,6776,312,5/17/2022,Drinking Coco,Roddy Speechley,1
Canada,4900,709,6/15/2022,Drinking Coco,Van Tuxwell,1
Canada,721,203,5/6/2022,Eclairs,Curtice Advani,1
Canada,6111,591,5/19/2022,Eclairs,Oby Sorrel,1
Canada,3612,82,4/26/2022,Milk Bars,Madelene Upcott,1
Canada,8757,338,4/27/2022,Orange Choco,Oby Sorrel,1
Canada,574,217,7/26/2022,Organic Choco Syrup,Ches Bonnell,1
Canada,8491,75,1/28/2022,Organic Choco Syrup,Dennison Crosswaite,1
Canada,5684,81,3/29/2022,Organic Choco Syrup,Kaine Padly,1
Canada,1127,319,2/16/2022,Peanut Butter Cubes,Andria Kimpton,1
Canada,6594,91,3/8/2022,Peanut Butter Cubes,Marney O'Breen,1
Canada,2520,156,5/2/2022,Spicy Special Slims,Rafaelita Blaksland,1
Canada,5887,268,4/5/2022,White Choc,Roddy Speechley,1
India,8337,12,3/14/2022,50% Dark Bites,Roddy Speechley,1
India,5075,344,5/23/2022,70% Dark Bites,Karlen McCaffrey,1
India,455,96,2/16/2022,99% Dark & Pure,Ches Bonnell,1
India,952,68,1/17/2022,After Nines,Andria Kimpton,1
India,3066,96,5/24/2022,Almond Choco,Beverie Moffet,1
India,2471,202,7/28/2022,Caramel Stuffed Bars,Gunar Cockshoot,1
India,469,163,8/8/2022,Drinking Coco,Camilla Castle,1
India,4494,11,5/31/2022,Drinking Coco,Roddy Speechley,1
India,2086,384,7/28/2022,Eclairs,Dotty Strutley,1
India,10500,106,7/21/2022,Eclairs,Van Tuxwell,1
India,7413,465,1/12/2022,Mint Chip Choco,Barr Faughny,1
India,8155,96,3/3/2022,Mint Chip Choco,Curtice Advani,1
India,1260,239,4/14/2022,Mint Chip Choco,Dotty Strutley,1
India,301,421,5/30/2022,Orange Choco,Andria Kimpton,1
India,1036,20,6/23/2022,Organic Choco Syrup,Beverie Moffet,1
India,9954,154,6/15/2022,Raspberry Choco,Husein Augar,1
India,10647,173,3/22/2022,Spicy Special Slims,Roddy Speechley,1
New Zealand,8603,352,2/14/2022,70% Dark Bites,Marney O'Breen,1
New Zealand,15099,55,8/8/2022,85% Dark Bars,Camilla Castle,1
New Zealand,3381,417,2/1/2022,85% Dark Bars,Oby Sorrel,1
New Zealand,8134,195,5/24/2022,99% Dark & Pure,Barr Faughny,1
New Zealand,7483,183,4/18/2022,99% Dark & Pure,Roddy Speechley,1
New Zealand,483,228,5/4/2022,After Nines,Mallorie Waber,1
New Zealand,6559,158,4/5/2022,Almond Choco,Andria Kimpton,1
New Zealand,2478,188,5/18/2022,Milk Bars,Jehu Rudeforth,1
New Zealand,12558,403,3/29/2022,Milk Bars,Madelene Upcott,1
New Zealand,2030,146,8/4/2022,Orange Choco,Dotty Strutley,1
New Zealand,63,60,6/7/2022,Spicy Special Slims,Beverie Moffet,1
UK,2499,271,2/9/2022,50% Dark Bites,Beverie Moffet,1
UK,10150,68,2/16/2022,50% Dark Bites,Rafaelita Blaksland,1
UK,3507,380,7/5/2022,After Nines,Husein Augar,1
UK,18697,176,1/21/2022,After Nines,Kaine Padly,1
UK,9744,157,7/6/2022,Almond Choco,Jan Morforth,1
UK,10689,204,6/6/2022,Almond Choco,Van Tuxwell,1
UK,721,251,3/11/2022,Baker's Choco Chips,Jan Morforth,1
UK,5768,235,8/10/2022,Caramel Stuffed Bars,Dotty Strutley,1
UK,2317,224,1/27/2022,Drinking Coco,Kaine Padly,1
UK,973,28,3/29/2022,Drinking Coco,Marney O'Breen,1
UK,8589,229,5/13/2022,Fruit & Nut Bars,Jehu Rudeforth,1
UK,1666,106,2/7/2022,Manuka Honey Choco,Curtice Advani,1
UK,3864,430,3/2/2022,Milk Bars,Barr Faughny,1
UK,4872,126,7/19/2022,Peanut Butter Cubes,Camilla Castle,1
UK,7756,85,8/12/2022,Peanut Butter Cubes,Madelene Upcott,1
UK,546,142,4/26/2022,Smooth Sliky Salty,Dennison Crosswaite,1
USA,658,77,3/15/2022,70% Dark Bites,Dennison Crosswaite,1
USA,7364,196,1/14/2022,70% Dark Bites,Gigi Bohling,1
USA,483,259,6/22/2022,85% Dark Bars,Kaine Padly,1
USA,2317,464,7/11/2022,Caramel Stuffed Bars,Dennison Crosswaite,1
USA,5446,132,6/7/2022,Choco Coated Almonds,Madelene Upcott,1
USA,693,350,6/15/2022,Peanut Butter Cubes,Marney O'Breen,1
USA,672,194,1/12/2022,Raspberry Choco,Brien Boise,1
USA,3437,46,1/3/2022,Raspberry Choco,Dotty Strutley,1
USA,11781,91,5/12/2022,Smooth Sliky Salty,Dennison Crosswaite,1
USA,2107,175,6/13/2022,Spicy Special Slims,Kaine Padly,1
USA,5691,417,2/7/2022,Spicy Special Slims,Oby Sorrel,1
USA,6559,119,6/7/2022,White Choc,Jehu Rudeforth,1
USA,4592,2,8/24/2022,White Choc,Karlen McCaffrey,1
